,trip_id,stop_sequence,stop_id,route_code,route_id,direction_id,service_id,agency_id,day_type
0,60169001431509-JUNE23,134,5505,169.0,169-13168,1,JUNE23-D08CAR-2_Saturday,LACMTA,saturday
1,60169001481441-JUNE23,134,30021,169.0,169-13168,0,JUNE23-D08CAR-2_Saturday,LACMTA,saturday
2,10169001481303-JUNE23,134,30021,169.0,169-13168,0,JUNE23-D08CAR-1_Weekday,LACMTA,weekday
10,10169001431743-JUNE23,134,5505,169.0,169-13168,1,JUNE23-D08CAR-1_Weekday,LACMTA,weekday
23,70169001430710-JUNE23,134,5505,169.0,169-13168,1,JUNE23-D08CAR-3_Sunday,LACMTA,sunday
62,70169001481744-JUNE23,134,30021,169.0,169-13168,0,JUNE23-D08CAR-3_Sunday,LACMTA,sunday
77,10090003591208-JUNE23,122,30001,90.0,90-13168,0,JUNE23-D15CAR-1_Weekday,LACMTA,weekday
78,70090003591344-JUNE23,122,30001,90.0,90-13168,0,JUNE23-D15CAR-3_Sunday,LACMTA,sunday
139,60090003591214-JUNE23,122,30001,90.0,90-13168,0,JUNE23-D15CAR-2_Saturday,LACMTA,saturday
186,10108004190927-JUNE23,121,8245,108.0,108-13168,1,JUNE23-D05CAR-1_Weekday,LACMTA,weekday
191,70108004190716-JUNE23,121,8245,108.0,108-13168,1,JUNE23-D05CAR-3_Sunday,LACMTA,sunday
195,10092002750531-JUNE23,121,30015,92.0,92-13168,0,JUNE23-D15CAR-1_Weekday,LACMTA,weekday
201,60108004192003-JUNE23,121,8245,108.0,108-13168,1,JUNE23-D05CAR-2_Saturday,LACMTA,saturday
216,60092002752009-JUNE23,121,30015,92.0,92-13168,0,JUNE23-D15CAR-2_Saturday,LACMTA,saturday
226,70092002752009-JUNE23,121,30015,92.0,92-13168,0,JUNE23-D15CAR-3_Sunday,LACMTA,sunday
242,10092002990554-JUNE23,120,5251,92.0,92-13168,1,JUNE23-D15CAR-1_Weekday,LACMTA,weekday
277,60092002990612-JUNE23,120,5251,92.0,92-13168,1,JUNE23-D15CAR-2_Saturday,LACMTA,saturday
304,70092002990739-JUNE23,120,5251,92.0,92-13168,1,JUNE23-D15CAR-3_Sunday,LACMTA,sunday
424,70090003561123-JUNE23,119,2345,90.0,90-13168,1,JUNE23-D15CAR-3_Sunday,LACMTA,sunday
438,10090003561527-JUNE23,119,2345,90.0,90-13168,1,JUNE23-D15CAR-1_Weekday,LACMTA,weekday
446,60090003561902-JUNE23,119,2345,90.0,90-13168,1,JUNE23-D15CAR-2_Saturday,LACMTA,saturday
546,10120000951646-JUNE23,114,141014,120.0,120-13168,0,JUNE23-D18CAR-1_Weekday,LACMTA,weekday
564,60120000881229-JUNE23,111,141014,120.0,120-13168,0,JUNE23-D18CAR-2_Saturday,LACMTA,saturday
582,10120000981741-JUNE23,111,30011,120.0,120-13168,1,JUNE23-D18CAR-1_Weekday,LACMTA,weekday
583,70120000881931-JUNE23,111,141014,120.0,120-13168,0,JUNE23-D18CAR-3_Sunday,LACMTA,sunday
624,10205000931726-JUNE23,110,5120,205.0,205-13168,1,JUNE23-D97-1_Weekday,LACMTA,weekday
652,70205000932246-JUNE23,110,5120,205.0,205-13168,1,JUNE23-D97-3_Sunday,LACMTA,sunday
668,60205000931414-JUNE23,110,5120,205.0,205-13168,1,JUNE23-D97-2_Saturday,LACMTA,saturday
706,10205000991630-JUNE23,109,30007,205.0,205-13168,0,JUNE23-D97-1_Weekday,LACMTA,weekday
717,60205000991156-JUNE23,109,30007,205.0,205-13168,0,JUNE23-D97-2_Saturday,LACMTA,saturday
757,70205000991101-JUNE23,109,30007,205.0,205-13168,0,JUNE23-D97-3_Sunday,LACMTA,sunday
776,70120000971157-JUNE23,108,30011,120.0,120-13168,1,JUNE23-D18CAR-3_Sunday,LACMTA,sunday
789,60120000971001-JUNE23,108,30011,120.0,120-13168,1,JUNE23-D18CAR-2_Saturday,LACMTA,saturday
819,10010008202014-JUNE23,106,8818,48.0,10-13168,0,JUNE23-D02CAR-1_Weekday,LACMTA,weekday
820,70010008210938-JUNE23,106,8818,48.0,10-13168,0,JUNE23-D02CAR-3_Sunday,LACMTA,sunday
828,60010008211814-JUNE23,106,8818,48.0,10-13168,0,JUNE23-D02CAR-2_Saturday,LACMTA,saturday
869,10010007961934-JUNE23,104,6000,10.0,10-13168,1,JUNE23-D02CAR-1_Weekday,LACMTA,weekday
870,60010007961639-JUNE23,104,6000,10.0,10-13168,1,JUNE23-D07CAR-2_Saturday,LACMTA,saturday
877,70010007960643-JUNE23,104,6000,10.0,10-13168,1,JUNE23-D07CAR-3_Sunday,LACMTA,sunday
879,60108003132000-JUNE23,104,4299,108.0,108-13168,0,JUNE23-D05CAR-2_Saturday,LACMTA,saturday
888,70108003130758-JUNE23,104,4299,108.0,108-13168,0,JUNE23-D05CAR-3_Sunday,LACMTA,sunday
906,10108003131719-JUNE23,104,4299,108.0,108-13168,0,JUNE23-D05CAR-1_Weekday,LACMTA,weekday
937,60002011240900-JUNE23,103,11426,2.0,2-13168,1,JUNE23-D07CAR-2_Saturday,LACMTA,saturday
964,70002011240852-JUNE23,103,11426,2.0,2-13168,1,JUNE23-D07CAR-3_Sunday,LACMTA,sunday
983,10002011312557-JUNE23,103,11426,2.0,2-13168,1,JUNE23-D07CAR-1_Weekday,LACMTA,weekday
1226,70002011261009-JUNE23,102,2459,2.0,2-13168,0,JUNE23-D02CAR-3_Sunday,LACMTA,sunday
1227,60115004381710-JUNE23,102,2330,115.0,115-13168,1,JUNE23-D18CAR-2_Saturday,LACMTA,saturday
1245,10115004380510-JUNE23,102,2330,115.0,115-13168,1,JUNE23-D18CAR-1_Weekday,LACMTA,weekday
1274,10002011260737-JUNE23,102,2459,2.0,2-13168,0,JUNE23-D07CAR-1_Weekday,LACMTA,weekday
1299,70115004381739-JUNE23,102,2330,115.0,115-13168,1,JUNE23-D18CAR-3_Sunday,LACMTA,sunday
1375,60002011261019-JUNE23,102,2459,2.0,2-13168,0,JUNE23-D07CAR-2_Saturday,LACMTA,saturday
1631,70237000311119-JUNE23,99,16904,237.0,237-13168,1,JUNE23-D08CAR-3_Sunday,LACMTA,sunday
1633,70115005401822-JUNE23,99,30016,115.0,115-13168,0,JUNE23-D18CAR-3_Sunday,LACMTA,sunday
1637,10237000310509-JUNE23,99,16904,237.0,237-13168,1,JUNE23-D08CAR-1_Weekday,LACMTA,weekday
1652,10115005402138-JUNE23,99,30016,115.0,115-13168,0,JUNE23-D18CAR-1_Weekday,LACMTA,weekday
1663,60115005402219-JUNE23,99,30016,115.0,115-13168,0,JUNE23-D18CAR-2_Saturday,LACMTA,saturday
1707,60237000311416-JUNE23,99,16904,237.0,237-13168,1,JUNE23-D08CAR-2_Saturday,LACMTA,saturday
1746,60237000301213-JUNE23,98,9252,237.0,237-13168,0,JUNE23-D08CAR-2_Saturday,LACMTA,saturday
1752,70237000300626-JUNE23,98,9252,237.0,237-13168,0,JUNE23-D08CAR-3_Sunday,LACMTA,sunday
1754,10167001020620-JUNE23,98,32112,167.0,167-13168,0,JUNE23-D98-1_Weekday,LACMTA,weekday
1758,10237000301459-JUNE23,98,9252,237.0,237-13168,0,JUNE23-D08CAR-1_Weekday,LACMTA,weekday
1821,60167001011939-JUNE23,97,32112,167.0,167-13168,0,JUNE23-D98-2_Saturday,LACMTA,saturday
1823,70232000891907-JUNE23,97,30006,232.0,232-13168,0,JUNE23-D97-3_Sunday,LACMTA,sunday
1827,10232000891819-JUNE23,97,30006,232.0,232-13168,0,JUNE23-D97-1_Weekday,LACMTA,weekday
1898,10251001860404-JUNE23,97,11494,251.0,251-13168,1,JUNE23-D03CAR-1_Weekday,LACMTA,weekday
1900,70251001860428-JUNE23,97,11494,251.0,251-13168,1,JUNE23-D03CAR-3_Sunday,LACMTA,sunday
1918,70167001010713-JUNE23,97,32112,167.0,167-13168,0,JUNE23-D98-3_Sunday,LACMTA,sunday
1971,60251001861615-JUNE23,97,11494,251.0,251-13168,1,JUNE23-D03CAR-2_Saturday,LACMTA,saturday
1981,60232000891520-JUNE23,97,30006,232.0,232-13168,0,JUNE23-D97-2_Saturday,LACMTA,saturday
2040,60081003211603-JUNE23,96,9322,81.0,81-13168,0,JUNE23-D03CAR-2_Saturday,LACMTA,saturday
2059,10081003211501-JUNE23,96,9322,81.0,81-13168,0,JUNE23-D03CAR-1_Weekday,LACMTA,weekday
2063,70081003211954-JUNE23,96,9322,81.0,81-13168,0,JUNE23-D03CAR-3_Sunday,LACMTA,sunday
2153,10081003190622-JUNE23,95,10438,81.0,81-13168,1,JUNE23-D03CAR-1_Weekday,LACMTA,weekday
2155,60081003191532-JUNE23,95,10438,81.0,81-13168,1,JUNE23-D03CAR-2_Saturday,LACMTA,saturday
2214,60260002980932-JUNE23,95,1866,260.0,260-13168,0,JUNE23-D09CAR-2_Saturday,LACMTA,saturday
2215,70081003190606-JUNE23,95,10438,81.0,81-13168,1,JUNE23-D03CAR-3_Sunday,LACMTA,sunday
2216,70260002980622-JUNE23,95,1866,260.0,260-13168,0,JUNE23-D09CAR-3_Sunday,LACMTA,sunday
2267,10260002981231-JUNE23,95,1866,260.0,260-13168,0,JUNE23-D09CAR-1_Weekday,LACMTA,weekday
2374,10251001840413-JUNE23,94,9313,251.0,251-13168,0,JUNE23-D03CAR-1_Weekday,LACMTA,weekday
2383,10004003230934-JUNE23,94,14915,4.0,4-13168,0,JUNE23-D07CAR-1_Weekday,LACMTA,weekday
2390,70260003031154-JUNE23,94,30014,260.0,260-13168,1,JUNE23-D09CAR-3_Sunday,LACMTA,sunday
2432,70251001902443-JUNE23,94,9313,251.0,251-13168,0,JUNE23-D03CAR-3_Sunday,LACMTA,sunday
2473,60260003031516-JUNE23,94,30014,260.0,260-13168,1,JUNE23-D09CAR-2_Saturday,LACMTA,saturday
2489,60232000940504-JUNE23,94,5569,232.0,232-13168,1,JUNE23-D97-2_Saturday,LACMTA,saturday
2495,60251001902221-JUNE23,94,9313,251.0,251-13168,0,JUNE23-D03CAR-2_Saturday,LACMTA,saturday
2516,10260003031439-JUNE23,94,30014,260.0,260-13168,1,JUNE23-D09CAR-1_Weekday,LACMTA,weekday
2557,60004003230526-JUNE23,94,14915,4.0,4-13168,0,JUNE23-D07CAR-2_Saturday,LACMTA,saturday
2640,10232000941024-JUNE23,94,5569,232.0,232-13168,1,JUNE23-D97-1_Weekday,LACMTA,weekday
2657,70232000941341-JUNE23,94,5569,232.0,232-13168,1,JUNE23-D97-3_Sunday,LACMTA,sunday
2711,70004003231232-JUNE23,94,14915,4.0,4-13168,0,JUNE23-D13CAR-3_Sunday,LACMTA,sunday
2881,10167001031551-JUNE23,93,152,167.0,167-13168,1,JUNE23-D98-1_Weekday,LACMTA,weekday
2948,60102000721801-JUNE23,92,30006,102.0,102-13168,1,JUNE23-D05CAR-2_Saturday,LACMTA,saturday
2949,60167001000809-JUNE23,92,152,167.0,167-13168,1,JUNE23-D98-2_Saturday,LACMTA,saturday
2960,70167001002120-JUNE23,92,152,167.0,167-13168,1,JUNE23-D98-3_Sunday,LACMTA,sunday
2962,70060001792230-JUNE23,92,5768,60.0,60-13168,1,JUNE23-D02CAR-3_Sunday,LACMTA,sunday
3011,70102000721257-JUNE23,92,30006,102.0,102-13168,1,JUNE23-D05CAR-3_Sunday,LACMTA,sunday
3013,10102000720546-JUNE23,92,30006,102.0,102-13168,1,JUNE23-D05CAR-1_Weekday,LACMTA,weekday
3023,60060001782457-JUNE23,92,5768,60.0,60-13168,1,JUNE23-D02CAR-2_Saturday,LACMTA,saturday
3038,10060001792128-JUNE23,92,5768,60.0,60-13168,1,JUNE23-D02CAR-1_Weekday,LACMTA,weekday
3059,60004003422423-JUNE23,91,38,4.0,4-13168,1,JUNE23-D13CAR-2_Saturday,LACMTA,saturday
3087,60102000670708-JUNE23,91,14555,102.0,102-13168,0,JUNE23-D05CAR-2_Saturday,LACMTA,saturday
3089,70102000671200-JUNE23,91,14555,102.0,102-13168,0,JUNE23-D05CAR-3_Sunday,LACMTA,sunday
3106,10004003422035-JUNE23,91,38,4.0,4-13168,1,JUNE23-D13CAR-1_Weekday,LACMTA,weekday
3125,10110002841032-JUNE23,91,65300037,110.0,110-13168,1,JUNE23-D05CAR-1_Weekday,LACMTA,weekday
3145,10102000671126-JUNE23,91,14555,102.0,102-13168,0,JUNE23-D05CAR-1_Weekday,LACMTA,weekday
3203,70004003432734-JUNE23,91,5563,4.0,4-13168,1,JUNE23-D13CAR-3_Sunday,LACMTA,sunday
3347,60060001732801-JUNE23,90,16928,60.0,60-13168,0,JUNE23-D02CAR-2_Saturday,LACMTA,saturday
3358,10060001732315-JUNE23,90,16928,60.0,60-13168,0,JUNE23-D02CAR-1_Weekday,LACMTA,weekday
3373,70060001732801-JUNE23,90,16928,60.0,60-13168,0,JUNE23-D02CAR-3_Sunday,LACMTA,sunday
3466,10040009490652-JUNE23,88,3708,40.0,40-13168,0,JUNE23-D18CAR-1_Weekday,LACMTA,weekday
3475,60210003311102-JUNE23,88,30023,210.0,210-13168,1,JUNE23-D18CAR-2_Saturday,LACMTA,saturday
3490,10110002830902-JUNE23,88,2276,110.0,110-13168,0,JUNE23-D05CAR-1_Weekday,LACMTA,weekday
3514,10210003312222-JUNE23,88,30023,210.0,210-13168,1,JUNE23-D18CAR-1_Weekday,LACMTA,weekday
3519,70155000422118-JUNE23,88,30001,155.0,155-13168,0,JUNE23-D15CAR-3_Sunday,LACMTA,sunday
3584,10155000421525-JUNE23,88,30001,155.0,155-13168,0,JUNE23-D15CAR-1_Weekday,LACMTA,weekday
3668,60155000421718-JUNE23,88,30001,155.0,155-13168,0,JUNE23-D15CAR-2_Saturday,LACMTA,saturday
3683,70040009490759-JUNE23,88,3708,40.0,40-13168,0,JUNE23-D18CAR-3_Sunday,LACMTA,sunday
3750,70210003312020-JUNE23,88,30023,210.0,210-13168,1,JUNE23-D18CAR-3_Sunday,LACMTA,sunday
3751,60040009491433-JUNE23,88,3708,40.0,40-13168,0,JUNE23-D18CAR-2_Saturday,LACMTA,saturday
3921,70210003331624-JUNE23,87,13000145,210.0,210-13168,0,JUNE23-D18CAR-3_Sunday,LACMTA,sunday
3922,10210003330525-JUNE23,87,13000145,210.0,210-13168,0,JUNE23-D18CAR-1_Weekday,LACMTA,weekday
3957,10224002772551-JUNE23,87,11216,224.0,224-13168,0,JUNE23-D15CAR-1_Weekday,LACMTA,weekday
3961,10165002071757-JUNE23,87,3043,165.0,165-13168,1,JUNE23-D08CAR-1_Weekday,LACMTA,weekday
3969,10224002742121-JUNE23,87,25001,224.0,224-13168,1,JUNE23-D15CAR-1_Weekday,LACMTA,weekday
4020,70165002071356-JUNE23,87,3043,165.0,165-13168,1,JUNE23-D08CAR-3_Sunday,LACMTA,sunday
4158,60224002742621-JUNE23,87,25001,224.0,224-13168,1,JUNE23-D15CAR-2_Saturday,LACMTA,saturday
4163,70224002772551-JUNE23,87,11216,224.0,224-13168,0,JUNE23-D15CAR-3_Sunday,LACMTA,sunday
4165,60210003330543-JUNE23,87,13000145,210.0,210-13168,0,JUNE23-D18CAR-2_Saturday,LACMTA,saturday
4185,60224002772251-JUNE23,87,11216,224.0,224-13168,0,JUNE23-D15CAR-2_Saturday,LACMTA,saturday
4186,60165002071425-JUNE23,87,3043,165.0,165-13168,1,JUNE23-D08CAR-2_Saturday,LACMTA,saturday
4217,70224002742721-JUNE23,87,25001,224.0,224-13168,1,JUNE23-D15CAR-3_Sunday,LACMTA,sunday
4309,70111004232005-JUNE23,86,30006,111.0,111-13168,1,JUNE23-D18CAR-3_Sunday,LACMTA,sunday
4310,60164000651426-JUNE23,86,30003,164.0,164-13168,0,JUNE23-D08CAR-2_Saturday,LACMTA,saturday
4411,70164000650928-JUNE23,86,30003,164.0,164-13168,0,JUNE23-D08CAR-3_Sunday,LACMTA,sunday
4536,10111004230556-JUNE23,86,30006,111.0,111-13168,1,JUNE23-D18CAR-1_Weekday,LACMTA,weekday
4538,60111004230557-JUNE23,86,30006,111.0,111-13168,1,JUNE23-D18CAR-2_Saturday,LACMTA,saturday
4540,10164000650949-JUNE23,86,30003,164.0,164-13168,0,JUNE23-D08CAR-1_Weekday,LACMTA,weekday
4708,60040009472051-JUNE23,85,30023,40.0,40-13168,1,JUNE23-D18CAR-2_Saturday,LACMTA,saturday
4718,60258000551507-JUNE23,85,142285,258.0,258-13168,1,JUNE23-D03CAR-2_Saturday,LACMTA,saturday
4733,10165001990652-JUNE23,85,30003,165.0,165-13168,0,JUNE23-D15CAR-1_Weekday,LACMTA,weekday
4741,10078005270503-JUNE23,85,6535,78.0,78-13168,1,JUNE23-D09CAR-1_Weekday,LACMTA,weekday
4865,60078005270706-JUNE23,85,6535,78.0,78-13168,1,JUNE23-D09CAR-2_Saturday,LACMTA,saturday
4883,70078005271020-JUNE23,85,6535,78.0,78-13168,1,JUNE23-D09CAR-3_Sunday,LACMTA,sunday
5039,70258000550807-JUNE23,85,142285,258.0,258-13168,1,JUNE23-D03CAR-3_Sunday,LACMTA,sunday
5100,70040009471356-JUNE23,85,30023,40.0,40-13168,1,JUNE23-D18CAR-3_Sunday,LACMTA,sunday
5101,70165001991522-JUNE23,85,30003,165.0,165-13168,0,JUNE23-D15CAR-3_Sunday,LACMTA,sunday
5114,10111004290405-JUNE23,85,30016,111.0,111-13168,0,JUNE23-D18CAR-1_Weekday,LACMTA,weekday
5164,60165001990518-JUNE23,85,30003,165.0,165-13168,0,JUNE23-D15CAR-2_Saturday,LACMTA,saturday
5223,10040009471630-JUNE23,85,30023,40.0,40-13168,1,JUNE23-D18CAR-1_Weekday,LACMTA,weekday
5284,60111004290407-JUNE23,85,30016,111.0,111-13168,0,JUNE23-D18CAR-2_Saturday,LACMTA,saturday
5288,10258000550609-JUNE23,85,142285,258.0,258-13168,1,JUNE23-D03CAR-1_Weekday,LACMTA,weekday
5345,70111004290512-JUNE23,85,30016,111.0,111-13168,0,JUNE23-D18CAR-3_Sunday,LACMTA,sunday
5395,10117000701733-JUNE23,84,30006,117.0,117-13168,1,JUNE23-D18CAR-1_Weekday,LACMTA,weekday
5543,60051003251329-JUNE23,83,140944,51.0,51-13168,0,JUNE23-D02CAR-2_Saturday,LACMTA,saturday
5547,70051003251309-JUNE23,83,140944,51.0,51-13168,0,JUNE23-D02CAR-3_Sunday,LACMTA,sunday
5549,10155000410430-JUNE23,83,30003,155.0,155-13168,1,JUNE23-D15CAR-1_Weekday,LACMTA,weekday
5598,60062003431045-JUNE23,83,2345,62.0,62-13168,0,JUNE23-D01CAR-2_Saturday,LACMTA,saturday
5642,60020008082347-JUNE23,83,38,20.0,20-13168,1,JUNE23-D07CAR-2_Saturday,LACMTA,saturday
5664,70020008082718-JUNE23,83,38,20.0,20-13168,1,JUNE23-D07CAR-3_Sunday,LACMTA,sunday
5683,10051003250444-JUNE23,83,140944,51.0,51-13168,0,JUNE23-D02CAR-1_Weekday,LACMTA,weekday
5709,10062003430734-JUNE23,83,2345,62.0,62-13168,0,JUNE23-D01CAR-1_Weekday,LACMTA,weekday
5723,60155000411408-JUNE23,83,30003,155.0,155-13168,1,JUNE23-D15CAR-2_Saturday,LACMTA,saturday
5742,10020008082112-JUNE23,83,38,20.0,20-13168,1,JUNE23-D07CAR-1_Weekday,LACMTA,weekday
5762,70062003431047-JUNE23,83,2345,62.0,62-13168,0,JUNE23-D01CAR-3_Sunday,LACMTA,sunday
5812,70155000411108-JUNE23,83,30003,155.0,155-13168,1,JUNE23-D15CAR-3_Sunday,LACMTA,sunday
5860,10070003000833-JUNE23,82,6535,70.0,70-13168,1,JUNE23-D09CAR-1_Weekday,LACMTA,weekday
5862,60258000560807-JUNE23,82,2170,258.0,258-13168,0,JUNE23-D03CAR-2_Saturday,LACMTA,saturday
5864,60070003001027-JUNE23,82,6535,70.0,70-13168,1,JUNE23-D09CAR-2_Saturday,LACMTA,saturday
5879,10125001522016-JUNE23,82,30016,125.0,125-13168,0,JUNE23-D97-1_Weekday,LACMTA,weekday
5931,10258000561948-JUNE23,82,2170,258.0,258-13168,0,JUNE23-D03CAR-1_Weekday,LACMTA,weekday
6062,70258000560714-JUNE23,82,2170,258.0,258-13168,0,JUNE23-D03CAR-3_Sunday,LACMTA,sunday
6074,70070003001114-JUNE23,82,6535,70.0,70-13168,1,JUNE23-D09CAR-3_Sunday,LACMTA,sunday
6083,70125001522008-JUNE23,82,30016,125.0,125-13168,0,JUNE23-D97-3_Sunday,LACMTA,sunday
6194,60125001521223-JUNE23,82,30016,125.0,125-13168,0,JUNE23-D97-2_Saturday,LACMTA,saturday
6341,10033006542227-JUNE23,81,3120,33.0,33-13168,1,JUNE23-D13CAR-1_Weekday,LACMTA,weekday
6348,60033006541014-JUNE23,81,3120,33.0,33-13168,1,JUNE23-D13CAR-2_Saturday,LACMTA,saturday
6363,10125001501027-JUNE23,81,889,125.0,125-13168,1,JUNE23-D97-1_Weekday,LACMTA,weekday
6383,60062003420652-JUNE23,81,25,62.0,62-13168,1,JUNE23-D01CAR-2_Saturday,LACMTA,saturday
6466,60020008102534-JUNE23,81,3161,20.0,20-13168,0,JUNE23-D07CAR-2_Saturday,LACMTA,saturday
6470,70020008102634-JUNE23,81,3161,20.0,20-13168,0,JUNE23-D07CAR-3_Sunday,LACMTA,sunday
6597,10164000600807-JUNE23,81,3043,164.0,164-13168,1,JUNE23-D08CAR-1_Weekday,LACMTA,weekday
6599,70110002890721-JUNE23,81,11730,110.0,110-13168,1,JUNE23-D05CAR-3_Sunday,LACMTA,sunday
6617,70110002881145-JUNE23,81,2276,110.0,110-13168,0,JUNE23-D05CAR-3_Sunday,LACMTA,sunday
6638,60125001501124-JUNE23,81,889,125.0,125-13168,1,JUNE23-D97-2_Saturday,LACMTA,saturday
6647,70117000720400-JUNE23,81,30006,117.0,117-13168,1,JUNE23-D18CAR-3_Sunday,LACMTA,sunday
6659,60117000722240-JUNE23,81,30006,117.0,117-13168,1,JUNE23-D18CAR-2_Saturday,LACMTA,saturday
6676,70125001501553-JUNE23,81,889,125.0,125-13168,1,JUNE23-D97-3_Sunday,LACMTA,sunday
6749,70164000601011-JUNE23,81,3043,164.0,164-13168,1,JUNE23-D08CAR-3_Sunday,LACMTA,sunday
6769,60164000600719-JUNE23,81,3043,164.0,164-13168,1,JUNE23-D15CAR-2_Saturday,LACMTA,saturday
6790,70062003421657-JUNE23,81,25,62.0,62-13168,1,JUNE23-D01CAR-3_Sunday,LACMTA,sunday
6898,70033006541529-JUNE23,81,3120,33.0,33-13168,1,JUNE23-D13CAR-3_Sunday,LACMTA,sunday
6915,10062003420720-JUNE23,81,25,62.0,62-13168,1,JUNE23-D01CAR-1_Weekday,LACMTA,weekday
6934,60110002891652-JUNE23,81,11730,110.0,110-13168,1,JUNE23-D05CAR-2_Saturday,LACMTA,saturday
6969,10020008102401-JUNE23,81,3161,20.0,20-13168,0,JUNE23-D07CAR-1_Weekday,LACMTA,weekday
7040,60110002881445-JUNE23,81,2276,110.0,110-13168,0,JUNE23-D05CAR-2_Saturday,LACMTA,saturday
7169,10070003020833-JUNE23,80,30020,70.0,70-13168,0,JUNE23-D09CAR-1_Weekday,LACMTA,weekday
7212,70611000221529-JUNE23,80,613,611.0,611-13168,0,JUNE23-D02CAR-3_Sunday,LACMTA,sunday
7240,60051003281205-JUNE23,80,1703,51.0,51-13168,1,JUNE23-D02CAR-2_Saturday,LACMTA,saturday
7253,10078005281214-JUNE23,80,5596,78.0,78-13168,0,JUNE23-D09CAR-1_Weekday,LACMTA,weekday
7277,70070003022028-JUNE23,80,30020,70.0,70-13168,0,JUNE23-D09CAR-3_Sunday,LACMTA,sunday
7295,10051003280904-JUNE23,80,1703,51.0,51-13168,1,JUNE23-D02CAR-1_Weekday,LACMTA,weekday
7456,10266000260418-JUNE23,80,17786,266.0,266-13168,1,JUNE23-D95-1_Weekday,LACMTA,weekday
7458,60070003021303-JUNE23,80,30020,70.0,70-13168,0,JUNE23-D09CAR-2_Saturday,LACMTA,saturday
7459,70078005281156-JUNE23,80,5596,78.0,78-13168,0,JUNE23-D09CAR-3_Sunday,LACMTA,sunday
7510,60266000260954-JUNE23,80,17786,266.0,266-13168,1,JUNE23-D95-2_Saturday,LACMTA,saturday
7523,60078005280517-JUNE23,80,5596,78.0,78-13168,0,JUNE23-D09CAR-2_Saturday,LACMTA,saturday
7669,60611000221930-JUNE23,80,613,611.0,611-13168,0,JUNE23-D02CAR-2_Saturday,LACMTA,saturday
7776,70051003280437-JUNE23,80,1703,51.0,51-13168,1,JUNE23-D02CAR-3_Sunday,LACMTA,sunday
7830,10611000221231-JUNE23,80,613,611.0,611-13168,0,JUNE23-D02CAR-1_Weekday,LACMTA,weekday
7878,10117000761158-JUNE23,80,11294,117.0,117-13168,0,JUNE23-D18CAR-1_Weekday,LACMTA,weekday
7917,70266000261825-JUNE23,80,17786,266.0,266-13168,1,JUNE23-D95-3_Sunday,LACMTA,sunday
8090,60053002381004-JUNE23,79,1703,53.0,53-13168,1,JUNE23-D01CAR-2_Saturday,LACMTA,saturday
8092,10266000271752-JUNE23,79,140940,266.0,266-13168,0,JUNE23-D95-1_Weekday,LACMTA,weekday
8100,70152001631322-JUNE23,79,11681,152.0,152-13168,1,JUNE23-D08CAR-3_Sunday,LACMTA,sunday
8206,10152001632157-JUNE23,79,11681,152.0,152-13168,1,JUNE23-D08CAR-1_Weekday,LACMTA,weekday
8230,60033006570459-JUNE23,79,3708,33.0,33-13168,0,JUNE23-D13CAR-2_Saturday,LACMTA,saturday
8361,10162000012035-JUNE23,79,1875,162.0,162-13168,1,JUNE23-D08CAR-1_Weekday,LACMTA,weekday
8386,70162000012027-JUNE23,79,1875,162.0,162-13168,1,JUNE23-D08CAR-3_Sunday,LACMTA,sunday
8469,60152001631442-JUNE23,79,11681,152.0,152-13168,1,JUNE23-D15CAR-2_Saturday,LACMTA,saturday
8571,60162000010532-JUNE23,79,1875,162.0,162-13168,1,JUNE23-D15CAR-2_Saturday,LACMTA,saturday
8601,70053002380906-JUNE23,79,1703,53.0,53-13168,1,JUNE23-D01CAR-3_Sunday,LACMTA,sunday
8623,10053002380805-JUNE23,79,1703,53.0,53-13168,1,JUNE23-D01CAR-1_Weekday,LACMTA,weekday
8645,10033006571421-JUNE23,79,3708,33.0,33-13168,0,JUNE23-D13CAR-1_Weekday,LACMTA,weekday
8689,70266000270700-JUNE23,79,140940,266.0,266-13168,0,JUNE23-D95-3_Sunday,LACMTA,sunday
8820,60266000272228-JUNE23,79,140940,266.0,266-13168,0,JUNE23-D95-2_Saturday,LACMTA,saturday
8960,70033006570459-JUNE23,79,3708,33.0,33-13168,0,JUNE23-D13CAR-3_Sunday,LACMTA,sunday
9050,60240000021901-JUNE23,78,12915,240.0,240-13168,1,JUNE23-D08CAR-2_Saturday,LACMTA,saturday
9078,10014005092331-JUNE23,78,16535,37.0,14-13168,1,JUNE23-D07CAR-1_Weekday,LACMTA,weekday
9082,10162000071028-JUNE23,78,30001,162.0,162-13168,0,JUNE23-D08CAR-1_Weekday,LACMTA,weekday
9107,10240000022103-JUNE23,78,12915,240.0,240-13168,1,JUNE23-D08CAR-1_Weekday,LACMTA,weekday
9176,70014005092229-JUNE23,78,16535,37.0,14-13168,1,JUNE23-D07CAR-3_Sunday,LACMTA,sunday
9202,70240000021512-JUNE23,78,12915,240.0,240-13168,1,JUNE23-D08CAR-3_Sunday,LACMTA,sunday
9361,60014005080542-JUNE23,78,16535,37.0,14-13168,1,JUNE23-D07CAR-2_Saturday,LACMTA,saturday
9407,60162000070457-JUNE23,78,30001,162.0,162-13168,0,JUNE23-D08CAR-2_Saturday,LACMTA,saturday
9408,70162000070501-JUNE23,78,30001,162.0,162-13168,0,JUNE23-D15CAR-3_Sunday,LACMTA,sunday
9633,70094002581248-JUNE23,77,30001,94.0,94-13168,0,JUNE23-D03CAR-3_Sunday,LACMTA,sunday
9643,70106000671552-JUNE23,77,3279,106.0,106-13168,1,JUNE23-D13CAR-3_Sunday,LACMTA,sunday
9658,60076002000543-JUNE23,77,6535,76.0,76-13168,1,JUNE23-D09CAR-2_Saturday,LACMTA,saturday
9692,70053002411935-JUNE23,77,2345,53.0,53-13168,0,JUNE23-D01CAR-3_Sunday,LACMTA,sunday
9698,10106000691936-JUNE23,77,5004,106.0,106-13168,0,JUNE23-D13CAR-1_Weekday,LACMTA,weekday
9706,60053002410345-JUNE23,77,2345,53.0,53-13168,0,JUNE23-D01CAR-2_Saturday,LACMTA,saturday
9768,70106000690539-JUNE23,77,5004,106.0,106-13168,0,JUNE23-D13CAR-3_Sunday,LACMTA,sunday
9874,60106000691808-JUNE23,77,5004,106.0,106-13168,0,JUNE23-D13CAR-2_Saturday,LACMTA,saturday
9876,60117000770938-JUNE23,77,11294,117.0,117-13168,0,JUNE23-D18CAR-2_Saturday,LACMTA,saturday
9922,70182000321156-JUNE23,77,2585,182.0,182-13168,0,JUNE23-D03CAR-3_Sunday,LACMTA,sunday
9968,10182000320955-JUNE23,77,2585,182.0,182-13168,0,JUNE23-D03CAR-1_Weekday,LACMTA,weekday
9978,60182000322128-JUNE23,77,2585,182.0,182-13168,0,JUNE23-D03CAR-2_Saturday,LACMTA,saturday
10015,60127000351301-JUNE23,77,10438,127.0,127-13168,1,JUNE23-D18CAR-2_Saturday,LACMTA,saturday
10059,60094002581628-JUNE23,77,30001,94.0,94-13168,0,JUNE23-D15CAR-2_Saturday,LACMTA,saturday
10067,70117000772500-JUNE23,77,11294,117.0,117-13168,0,JUNE23-D18CAR-3_Sunday,LACMTA,sunday
10151,60106000672016-JUNE23,77,3279,106.0,106-13168,1,JUNE23-D13CAR-2_Saturday,LACMTA,saturday
10197,10127000351915-JUNE23,77,10438,127.0,127-13168,1,JUNE23-D18CAR-1_Weekday,LACMTA,weekday
10199,70127000351904-JUNE23,77,10438,127.0,127-13168,1,JUNE23-D18CAR-3_Sunday,LACMTA,sunday
10242,70076002000626-JUNE23,77,6535,76.0,76-13168,1,JUNE23-D09CAR-3_Sunday,LACMTA,sunday
10255,10053002410654-JUNE23,77,2345,53.0,53-13168,0,JUNE23-D01CAR-1_Weekday,LACMTA,weekday
10300,10106000670429-JUNE23,77,3279,106.0,106-13168,1,JUNE23-D13CAR-1_Weekday,LACMTA,weekday
10319,10076002002638-JUNE23,77,6535,76.0,76-13168,1,JUNE23-D09CAR-1_Weekday,LACMTA,weekday
10352,10094002582011-JUNE23,77,30001,94.0,94-13168,0,JUNE23-D15CAR-1_Weekday,LACMTA,weekday
10550,60158000531306-JUNE23,76,152,158.0,158-13168,1,JUNE23-D08CAR-2_Saturday,LACMTA,saturday
10551,70158000531110-JUNE23,76,152,158.0,158-13168,1,JUNE23-D08CAR-3_Sunday,LACMTA,sunday
10557,10094002560556-JUNE23,76,6535,94.0,94-13168,1,JUNE23-D15CAR-1_Weekday,LACMTA,weekday
10584,60158000461532-JUNE23,76,175999,158.0,158-13168,0,JUNE23-D08CAR-2_Saturday,LACMTA,saturday
10594,70152001640401-JUNE23,76,30001,152.0,152-13168,0,JUNE23-D15CAR-3_Sunday,LACMTA,sunday
10602,10152001640342-JUNE23,76,30001,152.0,152-13168,0,JUNE23-D08CAR-1_Weekday,LACMTA,weekday
10628,10611000271400-JUNE23,76,613,611.0,611-13168,1,JUNE23-D02CAR-1_Weekday,LACMTA,weekday
10632,70158000460735-JUNE23,76,175999,158.0,158-13168,0,JUNE23-D08CAR-3_Sunday,LACMTA,sunday
10653,60094002562145-JUNE23,76,6535,94.0,94-13168,1,JUNE23-D15CAR-2_Saturday,LACMTA,saturday
10721,60152001641700-JUNE23,76,30001,152.0,152-13168,0,JUNE23-D08CAR-2_Saturday,LACMTA,saturday
10751,60611000271500-JUNE23,76,613,611.0,611-13168,1,JUNE23-D02CAR-2_Saturday,LACMTA,saturday
10788,70611000272100-JUNE23,76,613,611.0,611-13168,1,JUNE23-D02CAR-3_Sunday,LACMTA,sunday
10892,10158000531355-JUNE23,76,152,158.0,158-13168,1,JUNE23-D08CAR-1_Weekday,LACMTA,weekday
10893,10158000461830-JUNE23,76,175999,158.0,158-13168,0,JUNE23-D08CAR-1_Weekday,LACMTA,weekday
10948,70094002561753-JUNE23,76,6535,94.0,94-13168,1,JUNE23-D15CAR-3_Sunday,LACMTA,sunday
11052,10105002660727-JUNE23,75,16532,105.0,105-13168,0,JUNE23-D02CAR-1_Weekday,LACMTA,weekday
11059,60127000391829-JUNE23,75,36498,127.0,127-13168,0,JUNE23-D18CAR-2_Saturday,LACMTA,saturday
11061,70105002661244-JUNE23,75,16532,105.0,105-13168,0,JUNE23-D02CAR-3_Sunday,LACMTA,sunday
11198,70105002581528-JUNE23,75,7099,105.0,105-13168,1,JUNE23-D02CAR-3_Sunday,LACMTA,sunday
11322,10182000351521-JUNE23,75,10622,182.0,182-13168,1,JUNE23-D03CAR-1_Weekday,LACMTA,weekday
11495,60182000351734-JUNE23,75,10622,182.0,182-13168,1,JUNE23-D03CAR-2_Saturday,LACMTA,saturday
11552,60105002661147-JUNE23,75,16532,105.0,105-13168,0,JUNE23-D02CAR-2_Saturday,LACMTA,saturday
11577,10127000390543-JUNE23,75,36498,127.0,127-13168,0,JUNE23-D18CAR-1_Weekday,LACMTA,weekday
11587,60105002581542-JUNE23,75,7099,105.0,105-13168,1,JUNE23-D02CAR-2_Saturday,LACMTA,saturday
11685,10105002580603-JUNE23,75,7099,105.0,105-13168,1,JUNE23-D02CAR-1_Weekday,LACMTA,weekday
11761,70127000390533-JUNE23,75,36498,127.0,127-13168,0,JUNE23-D18CAR-3_Sunday,LACMTA,sunday
11818,70182000351805-JUNE23,75,10622,182.0,182-13168,1,JUNE23-D03CAR-3_Sunday,LACMTA,sunday
11955,60206001780832-JUNE23,74,7097,206.0,206-13168,1,JUNE23-D05CAR-2_Saturday,LACMTA,saturday
11958,10180002511615-JUNE23,74,11010,180.0,180-13168,1,JUNE23-D03CAR-1_Weekday,LACMTA,weekday
11965,60180002511503-JUNE23,74,11010,180.0,180-13168,1,JUNE23-D03CAR-2_Saturday,LACMTA,saturday
12178,70206001781526-JUNE23,74,7097,206.0,206-13168,1,JUNE23-D05CAR-3_Sunday,LACMTA,sunday
12189,70180002511556-JUNE23,74,11010,180.0,180-13168,1,JUNE23-D03CAR-3_Sunday,LACMTA,sunday
12271,10206001780851-JUNE23,74,7097,206.0,206-13168,1,JUNE23-D03CAR-1_Weekday,LACMTA,weekday
12496,10014005020525-JUNE23,73,5898,14.0,14-13168,0,JUNE23-D07CAR-1_Weekday,LACMTA,weekday
12497,60014005021639-JUNE23,73,5898,14.0,14-13168,0,JUNE23-D07CAR-2_Saturday,LACMTA,saturday
12563,70076001962405-JUNE23,73,30020,76.0,76-13168,0,JUNE23-D09CAR-3_Sunday,LACMTA,sunday
12595,10240000052110-JUNE23,73,30002,240.0,240-13168,0,JUNE23-D08CAR-1_Weekday,LACMTA,weekday
12626,70240000051620-JUNE23,73,30002,240.0,240-13168,0,JUNE23-D08CAR-3_Sunday,LACMTA,sunday
12650,70014005021252-JUNE23,73,5898,14.0,14-13168,0,JUNE23-D07CAR-3_Sunday,LACMTA,sunday
12736,60076001950508-JUNE23,73,30020,76.0,76-13168,0,JUNE23-D09CAR-2_Saturday,LACMTA,saturday
13036,10076001951243-JUNE23,73,30020,76.0,76-13168,0,JUNE23-D09CAR-1_Weekday,LACMTA,weekday
13069,60240000051120-JUNE23,73,30002,240.0,240-13168,0,JUNE23-D08CAR-2_Saturday,LACMTA,saturday
13288,60246000830843-JUNE23,72,30005,246.0,246-13168,0,JUNE23-D18CAR-2_Saturday,LACMTA,saturday
13291,70018003291945-JUNE23,72,30010,18.0,18-13168,0,JUNE23-D01CAR-3_Sunday,LACMTA,sunday
13311,60246000821139-JUNE23,72,20400018,246.0,246-13168,1,JUNE23-D18CAR-2_Saturday,LACMTA,saturday
13354,60018003291843-JUNE23,72,30010,18.0,18-13168,0,JUNE23-D01CAR-2_Saturday,LACMTA,saturday
13356,70246000830843-JUNE23,72,30005,246.0,246-13168,0,JUNE23-D18CAR-3_Sunday,LACMTA,sunday
13377,70246000821408-JUNE23,72,20400018,246.0,246-13168,1,JUNE23-D18CAR-3_Sunday,LACMTA,sunday
13434,10180002430558-JUNE23,72,142411,180.0,180-13168,0,JUNE23-D03CAR-1_Weekday,LACMTA,weekday
13439,60180002432138-JUNE23,72,142411,180.0,180-13168,0,JUNE23-D03CAR-2_Saturday,LACMTA,saturday
13685,70180002432138-JUNE23,72,142411,180.0,180-13168,0,JUNE23-D03CAR-3_Sunday,LACMTA,sunday
13706,10018003290424-JUNE23,72,30010,18.0,18-13168,0,JUNE23-D01CAR-1_Weekday,LACMTA,weekday
13787,10246000821705-JUNE23,72,20400018,246.0,246-13168,1,JUNE23-D18CAR-1_Weekday,LACMTA,weekday
13788,10246000831531-JUNE23,72,30005,246.0,246-13168,0,JUNE23-D18CAR-1_Weekday,LACMTA,weekday
13984,10035002750510-JUNE23,71,16535,35.0,35-13168,0,JUNE23-D07CAR-1_Weekday,LACMTA,weekday
13994,60206001800717-JUNE23,71,2079,206.0,206-13168,0,JUNE23-D05CAR-2_Saturday,LACMTA,saturday
13998,70460002050628-JUNE23,71,3161,460.0,460-13168,1,JUNE23-D01CAR-3_Sunday,LACMTA,sunday
14078,60460002000715-JUNE23,71,1060,460.0,460-13168,0,JUNE23-D01CAR-2_Saturday,LACMTA,saturday
14080,60460002051301-JUNE23,71,3161,460.0,460-13168,1,JUNE23-D01CAR-2_Saturday,LACMTA,saturday
14115,70206001800621-JUNE23,71,2079,206.0,206-13168,0,JUNE23-D05CAR-3_Sunday,LACMTA,sunday
14123,70460002000717-JUNE23,71,1060,460.0,460-13168,0,JUNE23-D01CAR-3_Sunday,LACMTA,sunday
14203,10460002051756-JUNE23,71,3161,460.0,460-13168,1,JUNE23-D01CAR-1_Weekday,LACMTA,weekday
14227,10206001800659-JUNE23,71,2079,206.0,206-13168,0,JUNE23-D03CAR-1_Weekday,LACMTA,weekday
14248,60035002752040-JUNE23,71,16535,35.0,35-13168,0,JUNE23-D07CAR-2_Saturday,LACMTA,saturday
14249,70035002751430-JUNE23,71,16535,35.0,35-13168,0,JUNE23-D07CAR-3_Sunday,LACMTA,sunday
14254,10460002001656-JUNE23,71,1060,460.0,460-13168,0,JUNE23-D01CAR-1_Weekday,LACMTA,weekday
14471,60662000071142-JUNE23,70,9794,662.0,662-13168,0,JUNE23-D03CAR-2_Saturday,LACMTA,saturday
14474,60035002822035-JUNE23,70,16535,38.0,35-13168,1,JUNE23-D07CAR-2_Saturday,LACMTA,saturday
14475,70662000072200-JUNE23,70,9794,662.0,662-13168,0,JUNE23-D03CAR-3_Sunday,LACMTA,sunday
14481,10018003360519-JUNE23,70,956,18.0,18-13168,1,JUNE23-D01CAR-1_Weekday,LACMTA,weekday
14506,10662000070842-JUNE23,70,9794,662.0,662-13168,0,JUNE23-D03CAR-1_Weekday,LACMTA,weekday
14540,10035002821802-JUNE23,70,16535,38.0,35-13168,1,JUNE23-D07CAR-1_Weekday,LACMTA,weekday
14544,70018003252022-JUNE23,70,956,18.0,18-13168,1,JUNE23-D01CAR-3_Sunday,LACMTA,sunday
14653,70035002821312-JUNE23,70,16535,38.0,35-13168,1,JUNE23-D07CAR-3_Sunday,LACMTA,sunday
14719,60018003252327-JUNE23,70,956,18.0,18-13168,1,JUNE23-D01CAR-2_Saturday,LACMTA,saturday
14834,60212002282000-JUNE23,69,10879,212.0,212-13168,0,JUNE23-D05CAR-2_Saturday,LACMTA,saturday
14845,70212002282250-JUNE23,69,10879,212.0,212-13168,0,JUNE23-D05CAR-3_Sunday,LACMTA,sunday
14858,60233001690510-JUNE23,69,10345,233.0,233-13168,0,JUNE23-D15CAR-2_Saturday,LACMTA,saturday
14888,60233001721957-JUNE23,69,2953,233.0,233-13168,1,JUNE23-D15CAR-2_Saturday,LACMTA,saturday
14900,70233001690420-JUNE23,69,10345,233.0,233-13168,0,JUNE23-D15CAR-3_Sunday,LACMTA,sunday
14902,70233001721957-JUNE23,69,2953,233.0,233-13168,1,JUNE23-D15CAR-3_Sunday,LACMTA,sunday
14986,10212002281107-JUNE23,69,10879,212.0,212-13168,0,JUNE23-D05CAR-1_Weekday,LACMTA,weekday
15032,10233001690420-JUNE23,69,10345,233.0,233-13168,0,JUNE23-D15CAR-1_Weekday,LACMTA,weekday
15175,10161001001708-JUNE23,68,20221,161.0,161-13168,1,JUNE23-D08CAR-1_Weekday,LACMTA,weekday
15177,60161001000615-JUNE23,68,20221,161.0,161-13168,1,JUNE23-D08CAR-2_Saturday,LACMTA,saturday
15179,70204001220722-JUNE23,68,7248,204.0,204-13168,1,JUNE23-D05CAR-3_Sunday,LACMTA,sunday
15181,60204001221007-JUNE23,68,7248,204.0,204-13168,1,JUNE23-D18CAR-2_Saturday,LACMTA,saturday
15221,70161001001615-JUNE23,68,20221,161.0,161-13168,1,JUNE23-D08CAR-3_Sunday,LACMTA,sunday
15304,10204001222822-JUNE23,68,7248,204.0,204-13168,1,JUNE23-D05CAR-1_Weekday,LACMTA,weekday
15761,10603000270528-JUNE23,67,6535,603.0,603-13168,1,JUNE23-D98-1_Weekday,LACMTA,weekday
15843,10234000771414-JUNE23,67,6168,234.0,234-13168,1,JUNE23-D15CAR-1_Weekday,LACMTA,weekday
15845,60066004181007-JUNE23,67,956,66.0,66-13168,1,JUNE23-D01CAR-2_Saturday,LACMTA,saturday
15866,60603000270624-JUNE23,67,6535,603.0,603-13168,1,JUNE23-D98-2_Saturday,LACMTA,saturday
16000,60234000770642-JUNE23,67,6168,234.0,234-13168,1,JUNE23-D15CAR-2_Saturday,LACMTA,saturday
16013,10066004181828-JUNE23,67,956,66.0,66-13168,1,JUNE23-D01CAR-1_Weekday,LACMTA,weekday
16027,70603000272048-JUNE23,67,6535,603.0,603-13168,1,JUNE23-D98-3_Sunday,LACMTA,sunday
16155,70234000770742-JUNE23,67,6168,234.0,234-13168,1,JUNE23-D15CAR-3_Sunday,LACMTA,sunday
16224,10161000991947-JUNE23,67,15457,161.0,161-13168,0,JUNE23-D08CAR-1_Weekday,LACMTA,weekday
16284,70066004181407-JUNE23,67,956,66.0,66-13168,1,JUNE23-D01CAR-3_Sunday,LACMTA,sunday
16315,60161000991949-JUNE23,67,15457,161.0,161-13168,0,JUNE23-D08CAR-2_Saturday,LACMTA,saturday
16370,70161000991949-JUNE23,67,15457,161.0,161-13168,0,JUNE23-D08CAR-3_Sunday,LACMTA,sunday
16467,10204001252235-JUNE23,66,3961,204.0,204-13168,0,JUNE23-D05CAR-1_Weekday,LACMTA,weekday
16492,60204001251706-JUNE23,66,3961,204.0,204-13168,0,JUNE23-D05CAR-2_Saturday,LACMTA,saturday
16493,70204001251328-JUNE23,66,3961,204.0,204-13168,0,JUNE23-D05CAR-3_Sunday,LACMTA,sunday
16838,60207002990815-JUNE23,65,16546,207.0,207-13168,0,JUNE23-D18CAR-2_Saturday,LACMTA,saturday
17111,10207002990606-JUNE23,65,16546,207.0,207-13168,0,JUNE23-D05CAR-1_Weekday,LACMTA,weekday
17112,70207002992248-JUNE23,65,16546,207.0,207-13168,0,JUNE23-D18CAR-3_Sunday,LACMTA,sunday
17317,60045005850916-JUNE23,64,11915,45.0,45-13168,0,JUNE23-D01CAR-2_Saturday,LACMTA,saturday
17321,10211000860845-JUNE23,64,30023,211.0,211-13168,1,JUNE23-D18CAR-1_Weekday,LACMTA,weekday
17323,70066004190544-JUNE23,64,30010,66.0,66-13168,0,JUNE23-D01CAR-3_Sunday,LACMTA,sunday
17335,70045005851954-JUNE23,64,11915,45.0,45-13168,0,JUNE23-D03CAR-3_Sunday,LACMTA,sunday
17490,10066004191255-JUNE23,64,30010,66.0,66-13168,0,JUNE23-D01CAR-1_Weekday,LACMTA,weekday
17573,10234000741705-JUNE23,64,3327,234.0,234-13168,0,JUNE23-D15CAR-1_Weekday,LACMTA,weekday
17577,10045005952023-JUNE23,64,11915,45.0,45-13168,0,JUNE23-D01CAR-1_Weekday,LACMTA,weekday
17595,60662000082401-JUNE23,64,2798,662.0,662-13168,1,JUNE23-D03CAR-2_Saturday,LACMTA,saturday
17650,60212002292405-JUNE23,64,1994,212.0,212-13168,1,JUNE23-D05CAR-2_Saturday,LACMTA,saturday
17653,70234000742136-JUNE23,64,3327,234.0,234-13168,0,JUNE23-D15CAR-3_Sunday,LACMTA,sunday
17872,10212002291136-JUNE23,64,1994,212.0,212-13168,1,JUNE23-D05CAR-1_Weekday,LACMTA,weekday
17905,60234000742136-JUNE23,64,3327,234.0,234-13168,0,JUNE23-D15CAR-2_Saturday,LACMTA,saturday
17980,70212002291809-JUNE23,64,1994,212.0,212-13168,1,JUNE23-D05CAR-3_Sunday,LACMTA,sunday
17991,10662000080450-JUNE23,64,2798,662.0,662-13168,1,JUNE23-D03CAR-1_Weekday,LACMTA,weekday
18086,60066004191736-JUNE23,64,30010,66.0,66-13168,0,JUNE23-D01CAR-2_Saturday,LACMTA,saturday
18087,70662000081200-JUNE23,64,2798,662.0,662-13168,1,JUNE23-D03CAR-3_Sunday,LACMTA,sunday
18263,10222000811245-JUNE23,63,11010,222.0,222-13168,1,JUNE23-D15CAR-1_Weekday,LACMTA,weekday
18371,60222000811546-JUNE23,63,11010,222.0,222-13168,1,JUNE23-D15CAR-2_Saturday,LACMTA,saturday
18474,10233001710330-JUNE23,63,2953,233.0,233-13168,1,JUNE23-D15CAR-1_Weekday,LACMTA,weekday
18526,10287000811155-JUNE23,63,3279,287.0,287-13168,1,JUNE23-D09CAR-1_Weekday,LACMTA,weekday
18555,70222000811647-JUNE23,63,11010,222.0,222-13168,1,JUNE23-D15CAR-3_Sunday,LACMTA,sunday
18667,60603000261851-JUNE23,62,17123,603.0,603-13168,0,JUNE23-D98-2_Saturday,LACMTA,saturday
18676,10603000260458-JUNE23,62,17123,603.0,603-13168,0,JUNE23-D98-1_Weekday,LACMTA,weekday
18708,70603000261859-JUNE23,62,17123,603.0,603-13168,0,JUNE23-D98-3_Sunday,LACMTA,sunday
19125,10045005940730-JUNE23,61,10438,45.0,45-13168,1,JUNE23-D03CAR-1_Weekday,LACMTA,weekday
19127,70045005941355-JUNE23,61,10438,45.0,45-13168,1,JUNE23-D01CAR-3_Sunday,LACMTA,sunday
19161,60016004331554-JUNE23,61,5787,16.0,16-13168,0,JUNE23-D07CAR-2_Saturday,LACMTA,saturday
19246,10265000150603-JUNE23,61,5627,265.0,265-13168,0,JUNE23-D09CAR-1_Weekday,LACMTA,weekday
19256,60055002900859-JUNE23,61,16928,55.0,55-13168,0,JUNE23-D02CAR-2_Saturday,LACMTA,saturday
19258,60265000151623-JUNE23,61,5627,265.0,265-13168,0,JUNE23-D09CAR-2_Saturday,LACMTA,saturday
19259,60045005940642-JUNE23,61,10438,45.0,45-13168,1,JUNE23-D03CAR-2_Saturday,LACMTA,saturday
19271,10207002890519-JUNE23,61,862,207.0,207-13168,1,JUNE23-D18CAR-1_Weekday,LACMTA,weekday
19313,70207002892104-JUNE23,61,862,207.0,207-13168,1,JUNE23-D05CAR-3_Sunday,LACMTA,sunday
19476,10055002901300-JUNE23,61,16928,55.0,55-13168,0,JUNE23-D02CAR-1_Weekday,LACMTA,weekday
19659,70016004331257-JUNE23,61,5787,16.0,16-13168,0,JUNE23-D01CAR-3_Sunday,LACMTA,sunday
19672,10016004331203-JUNE23,61,5787,16.0,16-13168,0,JUNE23-D01CAR-1_Weekday,LACMTA,weekday
19747,60207002891450-JUNE23,61,862,207.0,207-13168,1,JUNE23-D05CAR-2_Saturday,LACMTA,saturday
19769,70265000151221-JUNE23,61,5627,265.0,265-13168,0,JUNE23-D09CAR-3_Sunday,LACMTA,sunday
20138,70055002900808-JUNE23,61,16928,55.0,55-13168,0,JUNE23-D02CAR-3_Sunday,LACMTA,sunday
20642,10287000720600-JUNE23,60,2763,287.0,287-13168,0,JUNE23-D09CAR-1_Weekday,LACMTA,weekday
20958,10055002890747-JUNE23,59,30007,55.0,55-13168,1,JUNE23-D02CAR-1_Weekday,LACMTA,weekday
20964,70055002890838-JUNE23,59,30007,55.0,55-13168,1,JUNE23-D02CAR-3_Sunday,LACMTA,sunday
20970,10211000870530-JUNE23,59,19149,215.0,211-13168,0,JUNE23-D18CAR-1_Weekday,LACMTA,weekday
20996,70265000161552-JUNE23,59,2801,265.0,265-13168,1,JUNE23-D09CAR-3_Sunday,LACMTA,sunday
21012,10265000161832-JUNE23,59,2801,265.0,265-13168,1,JUNE23-D09CAR-1_Weekday,LACMTA,weekday
21056,60055002891037-JUNE23,59,30007,55.0,55-13168,1,JUNE23-D02CAR-2_Saturday,LACMTA,saturday
21059,60256001121201-JUNE23,59,140940,256.0,256-13168,0,JUNE23-D95-2_Saturday,LACMTA,saturday
21069,10256001121338-JUNE23,59,140940,256.0,256-13168,0,JUNE23-D95-1_Weekday,LACMTA,weekday
21083,60265000161452-JUNE23,59,2801,265.0,265-13168,1,JUNE23-D09CAR-2_Saturday,LACMTA,saturday
21091,70256001121201-JUNE23,59,140940,256.0,256-13168,0,JUNE23-D95-3_Sunday,LACMTA,sunday
21258,60256001170500-JUNE23,58,10401,256.0,256-13168,1,JUNE23-D95-2_Saturday,LACMTA,saturday
21390,70256001171403-JUNE23,58,10401,256.0,256-13168,1,JUNE23-D95-3_Sunday,LACMTA,sunday
21515,10256001171910-JUNE23,58,10401,256.0,256-13168,1,JUNE23-D95-1_Weekday,LACMTA,weekday
21635,10016004340838-JUNE23,57,16532,16.0,16-13168,1,JUNE23-D01CAR-1_Weekday,LACMTA,weekday
21697,60016004341246-JUNE23,57,16532,16.0,16-13168,1,JUNE23-D01CAR-2_Saturday,LACMTA,saturday
21950,70016004340606-JUNE23,57,16532,16.0,16-13168,1,JUNE23-D07CAR-3_Sunday,LACMTA,sunday
22211,60166000331136-JUNE23,56,9625,166.0,166-13168,0,JUNE23-D15CAR-2_Saturday,LACMTA,saturday
22266,70166000332115-JUNE23,56,9625,166.0,166-13168,0,JUNE23-D08CAR-3_Sunday,LACMTA,sunday
22312,70166000861629-JUNE23,56,176101,166.0,166-13168,1,JUNE23-D15CAR-3_Sunday,LACMTA,sunday
22356,10166000860544-JUNE23,56,176101,166.0,166-13168,1,JUNE23-D15CAR-1_Weekday,LACMTA,weekday
22357,10166000331922-JUNE23,56,9625,166.0,166-13168,0,JUNE23-D15CAR-1_Weekday,LACMTA,weekday
22426,70028006490537-JUNE23,56,3708,28.0,28-13168,0,JUNE23-D07CAR-3_Sunday,LACMTA,sunday
22458,60166000861057-JUNE23,56,176101,166.0,166-13168,1,JUNE23-D15CAR-2_Saturday,LACMTA,saturday
22561,60028006490424-JUNE23,56,3708,28.0,28-13168,0,JUNE23-D13CAR-2_Saturday,LACMTA,saturday
22619,10236001241940-JUNE23,56,339,235.0,236-13168,1,JUNE23-D08CAR-1_Weekday,LACMTA,weekday
22757,10028006491425-JUNE23,56,3708,28.0,28-13168,0,JUNE23-D07CAR-1_Weekday,LACMTA,weekday
22919,70028006322301-JUNE23,55,3404,28.0,28-13168,1,JUNE23-D13CAR-3_Sunday,LACMTA,sunday
22932,10236001352153-JUNE23,55,30015,236.0,236-13168,0,JUNE23-D08CAR-1_Weekday,LACMTA,weekday
22951,10222000800726-JUNE23,55,2333,222.0,222-13168,0,JUNE23-D15CAR-1_Weekday,LACMTA,weekday
23002,10028006301744-JUNE23,55,3404,28.0,28-13168,1,JUNE23-D13CAR-1_Weekday,LACMTA,weekday
23089,70236001350600-JUNE23,55,30015,236.0,236-13168,0,JUNE23-D08CAR-3_Sunday,LACMTA,sunday
23118,70236001361515-JUNE23,55,339,236.0,236-13168,1,JUNE23-D08CAR-3_Sunday,LACMTA,sunday
23152,60236001362017-JUNE23,55,339,236.0,236-13168,1,JUNE23-D08CAR-2_Saturday,LACMTA,saturday
23155,60222000801323-JUNE23,55,2333,222.0,222-13168,0,JUNE23-D15CAR-2_Saturday,LACMTA,saturday
23175,70222000800728-JUNE23,55,2333,222.0,222-13168,0,JUNE23-D15CAR-3_Sunday,LACMTA,sunday
23231,60236001351547-JUNE23,55,30015,236.0,236-13168,0,JUNE23-D08CAR-2_Saturday,LACMTA,saturday
23306,60028006300923-JUNE23,55,3404,28.0,28-13168,1,JUNE23-D07CAR-2_Saturday,LACMTA,saturday
23586,60602000160831-JUNE23,53,16770,602.0,602-13168,0,JUNE23-D07CAR-2_Saturday,LACMTA,saturday
23629,10267001011717-JUNE23,53,30020,267.0,267-13168,1,JUNE23-D09CAR-1_Weekday,LACMTA,weekday
23681,10602000162034-JUNE23,53,16770,602.0,602-13168,0,JUNE23-D07CAR-1_Weekday,LACMTA,weekday
23893,60267001000601-JUNE23,53,11957,267.0,267-13168,0,JUNE23-D09CAR-2_Saturday,LACMTA,saturday
23895,60267001010800-JUNE23,53,30020,267.0,267-13168,1,JUNE23-D09CAR-2_Saturday,LACMTA,saturday
23926,10267001001646-JUNE23,53,11957,267.0,267-13168,0,JUNE23-D09CAR-1_Weekday,LACMTA,weekday
23973,70602000161645-JUNE23,53,16770,602.0,602-13168,0,JUNE23-D07CAR-3_Sunday,LACMTA,sunday
24031,70267001001101-JUNE23,53,11957,267.0,267-13168,0,JUNE23-D09CAR-3_Sunday,LACMTA,sunday
24041,70267001010600-JUNE23,53,30020,267.0,267-13168,1,JUNE23-D09CAR-3_Sunday,LACMTA,sunday
24120,10150001970907-JUNE23,52,703,150.0,150-13168,1,JUNE23-D08CAR-1_Weekday,LACMTA,weekday
24145,70150001970544-JUNE23,52,703,150.0,150-13168,1,JUNE23-D08CAR-3_Sunday,LACMTA,sunday
24225,60150001971208-JUNE23,52,703,150.0,150-13168,1,JUNE23-D08CAR-2_Saturday,LACMTA,saturday
24326,10230000832037-JUNE23,51,30015,230.0,230-13168,0,JUNE23-D15CAR-1_Weekday,LACMTA,weekday
24327,60128000291710-JUNE23,51,597,128.0,128-13168,0,JUNE23-D97-2_Saturday,LACMTA,saturday
24349,70230000831545-JUNE23,51,30015,230.0,230-13168,0,JUNE23-D15CAR-3_Sunday,LACMTA,sunday
24352,70128000290759-JUNE23,51,597,128.0,128-13168,0,JUNE23-D97-3_Sunday,LACMTA,sunday
24358,70230000900736-JUNE23,51,11416,230.0,230-13168,1,JUNE23-D15CAR-3_Sunday,LACMTA,sunday
24398,60230000832028-JUNE23,51,30015,230.0,230-13168,0,JUNE23-D15CAR-2_Saturday,LACMTA,saturday
24464,10487001210541-JUNE23,51,2345,487.0,487-13168,1,JUNE23-D09CAR-1_Weekday,LACMTA,weekday
24531,10128000291038-JUNE23,51,597,128.0,128-13168,0,JUNE23-D97-1_Weekday,LACMTA,weekday
24548,70150001961348-JUNE23,50,16904,150.0,150-13168,0,JUNE23-D08CAR-3_Sunday,LACMTA,sunday
24633,60217003231038-JUNE23,50,5069,217.0,217-13168,0,JUNE23-D07CAR-2_Saturday,LACMTA,saturday
24635,60230000871730-JUNE23,50,639,230.0,230-13168,1,JUNE23-D15CAR-2_Saturday,LACMTA,saturday
24750,10150001961229-JUNE23,50,16904,150.0,150-13168,0,JUNE23-D08CAR-1_Weekday,LACMTA,weekday
24839,60217003302433-JUNE23,50,1629,217.0,217-13168,1,JUNE23-D07CAR-2_Saturday,LACMTA,saturday
24862,10217003231052-JUNE23,50,5069,217.0,217-13168,0,JUNE23-D03CAR-1_Weekday,LACMTA,weekday
24977,70217003230615-JUNE23,50,5069,217.0,217-13168,0,JUNE23-D07CAR-3_Sunday,LACMTA,sunday
25007,10217003302433-JUNE23,50,1629,217.0,217-13168,1,JUNE23-D07CAR-1_Weekday,LACMTA,weekday
25042,70217003300428-JUNE23,50,1629,217.0,217-13168,1,JUNE23-D03CAR-3_Sunday,LACMTA,sunday
25120,60150001960625-JUNE23,50,16904,150.0,150-13168,0,JUNE23-D08CAR-2_Saturday,LACMTA,saturday
25133,10487001171915-JUNE23,50,140940,487.0,487-13168,0,JUNE23-D09CAR-1_Weekday,LACMTA,weekday
25138,10230000872012-JUNE23,50,639,230.0,230-13168,1,JUNE23-D15CAR-1_Weekday,LACMTA,weekday
25318,10602000111025-JUNE23,49,6428,602.0,602-13168,1,JUNE23-D07CAR-1_Weekday,LACMTA,weekday
25321,70602000111531-JUNE23,49,6428,602.0,602-13168,1,JUNE23-D07CAR-3_Sunday,LACMTA,sunday
25362,60602000112231-JUNE23,49,6428,602.0,602-13168,1,JUNE23-D07CAR-2_Saturday,LACMTA,saturday
25435,70294000040520-JUNE23,49,30003,294.0,294-13168,1,JUNE23-D15CAR-3_Sunday,LACMTA,sunday
25436,60294000041419-JUNE23,49,30003,294.0,294-13168,1,JUNE23-D15CAR-2_Saturday,LACMTA,saturday
25470,60294000050448-JUNE23,49,30015,294.0,294-13168,0,JUNE23-D15CAR-2_Saturday,LACMTA,saturday
25509,70294000050748-JUNE23,49,30015,294.0,294-13168,0,JUNE23-D15CAR-3_Sunday,LACMTA,sunday
25653,10128000280641-JUNE23,49,30009,128.0,128-13168,1,JUNE23-D97-1_Weekday,LACMTA,weekday
25654,10294000050952-JUNE23,49,30015,294.0,294-13168,0,JUNE23-D15CAR-1_Weekday,LACMTA,weekday
25670,10294000042449-JUNE23,49,30003,294.0,294-13168,1,JUNE23-D15CAR-1_Weekday,LACMTA,weekday
25883,70128000281354-JUNE23,49,30009,128.0,128-13168,1,JUNE23-D97-3_Sunday,LACMTA,sunday
25884,60128000281832-JUNE23,49,30009,128.0,128-13168,1,JUNE23-D97-2_Saturday,LACMTA,saturday
26038,10344000480530-JUNE23,47,7896,344.0,344-13168,1,JUNE23-D18CAR-1_Weekday,LACMTA,weekday
26046,70344000481035-JUNE23,47,7896,344.0,344-13168,1,JUNE23-D18CAR-3_Sunday,LACMTA,sunday
26053,60344000481935-JUNE23,47,7896,344.0,344-13168,1,JUNE23-D18CAR-2_Saturday,LACMTA,saturday
26233,10344000460449-JUNE23,46,30005,344.0,344-13168,0,JUNE23-D18CAR-1_Weekday,LACMTA,weekday
26234,10209000511421-JUNE23,46,8593,209.0,209-13168,0,JUNE23-D05CAR-1_Weekday,LACMTA,weekday
26283,10209000521422-JUNE23,45,848,209.0,209-13168,1,JUNE23-D05CAR-1_Weekday,LACMTA,weekday
26322,70154000420511-JUNE23,45,40246,154.0,154-13168,1,JUNE23-D15CAR-3_Sunday,LACMTA,sunday
26344,70096002501409-JUNE23,45,30003,96.0,96-13168,0,JUNE23-D98-3_Sunday,LACMTA,sunday
26347,60154000421601-JUNE23,45,40246,154.0,154-13168,1,JUNE23-D15CAR-2_Saturday,LACMTA,saturday
26421,10096002502008-JUNE23,45,30003,96.0,96-13168,0,JUNE23-D98-1_Weekday,LACMTA,weekday
26436,60096002500710-JUNE23,45,30003,96.0,96-13168,0,JUNE23-D98-2_Saturday,LACMTA,saturday
26444,10154000421502-JUNE23,45,40246,154.0,154-13168,1,JUNE23-D15CAR-1_Weekday,LACMTA,weekday
26490,60154000431318-JUNE23,44,30003,154.0,154-13168,0,JUNE23-D15CAR-2_Saturday,LACMTA,saturday
26496,10690000081714-JUNE23,44,1895,690.0,690-13168,1,JUNE23-D15CAR-1_Weekday,LACMTA,weekday
26503,10154000430920-JUNE23,44,30003,154.0,154-13168,0,JUNE23-D15CAR-1_Weekday,LACMTA,weekday
26509,70690000080558-JUNE23,44,1895,690.0,690-13168,1,JUNE23-D15CAR-3_Sunday,LACMTA,sunday
26527,70154000430918-JUNE23,44,30003,154.0,154-13168,0,JUNE23-D15CAR-3_Sunday,LACMTA,sunday
26563,60690000080639-JUNE23,44,1895,690.0,690-13168,1,JUNE23-D15CAR-2_Saturday,LACMTA,saturday
26643,58257434,43,80101,Metro A-Line,801,1,RJUN23-801-3_Sunday-90,LACMTA_Rail,sunday
26650,58505759,43,80101,Metro A-Line,801,1,RJUN23-801-1_Weekday-07,LACMTA_Rail,weekday
26697,60487001181936-JUNE23,43,70,487.0,487-13168,1,JUNE23-D09CAR-2_Saturday,LACMTA,saturday
26698,58257139,43,80101,Metro A-Line,801,1,RJUN23-801-2_Saturday-90,LACMTA_Rail,saturday
26888,70179000071458-JUNE23,43,2585,179.0,179-13168,1,JUNE23-D09CAR-3_Sunday,LACMTA,sunday
26933,60179000071738-JUNE23,43,2585,179.0,179-13168,1,JUNE23-D09CAR-2_Saturday,LACMTA,saturday
27216,10179000062202-JUNE23,43,2585,179.0,179-13168,1,JUNE23-D09CAR-1_Weekday,LACMTA,weekday
27217,70487001181200-JUNE23,43,70,487.0,487-13168,1,JUNE23-D09CAR-3_Sunday,LACMTA,sunday
27377,58256535,42,80427,Metro A-Line,801,0,RJUN23-801-1_Weekday-90,LACMTA_Rail,weekday
27378,58483915,42,80427,Metro A-Line,801,0,RJUN23-801-2_Saturday-03,LACMTA_Rail,saturday
27409,60344000472039-JUNE23,42,30005,344.0,344-13168,0,JUNE23-D18CAR-2_Saturday,LACMTA,saturday
27449,70487001191910-JUNE23,42,140940,487.0,487-13168,0,JUNE23-D09CAR-3_Sunday,LACMTA,sunday
27451,70179000011755-JUNE23,42,2763,179.0,179-13168,0,JUNE23-D09CAR-3_Sunday,LACMTA,sunday
27452,70344000470806-JUNE23,42,30005,344.0,344-13168,0,JUNE23-D18CAR-3_Sunday,LACMTA,sunday
27606,58257353,42,80427,Metro A-Line,801,0,RJUN23-801-3_Sunday-90,LACMTA_Rail,sunday
27641,60096002512011-JUNE23,42,3106,96.0,96-13168,1,JUNE23-D98-2_Saturday,LACMTA,saturday
27676,10096002510911-JUNE23,42,3106,96.0,96-13168,1,JUNE23-D98-1_Weekday,LACMTA,weekday
27754,60179000010835-JUNE23,42,2763,179.0,179-13168,0,JUNE23-D09CAR-2_Saturday,LACMTA,saturday
28000,70096002511609-JUNE23,42,3106,96.0,96-13168,1,JUNE23-D98-3_Sunday,LACMTA,sunday
28001,60487001191655-JUNE23,42,140940,487.0,487-13168,0,JUNE23-D09CAR-2_Saturday,LACMTA,saturday
28024,10179000012058-JUNE23,42,2763,179.0,179-13168,0,JUNE23-D09CAR-1_Weekday,LACMTA,weekday
28130,70617000042209-JUNE23,41,1728,617.0,617-13168,1,JUNE23-D07CAR-3_Sunday,LACMTA,sunday
28134,60617000040509-JUNE23,41,1728,617.0,617-13168,1,JUNE23-D07CAR-2_Saturday,LACMTA,saturday
28138,10617000041033-JUNE23,41,1728,617.0,617-13168,1,JUNE23-D07CAR-1_Weekday,LACMTA,weekday
28263,70690000061157-JUNE23,39,2035,690.0,690-13168,0,JUNE23-D15CAR-3_Sunday,LACMTA,sunday
28264,10690000061532-JUNE23,39,2035,690.0,690-13168,0,JUNE23-D15CAR-1_Weekday,LACMTA,weekday
28295,60690000061716-JUNE23,39,2035,690.0,690-13168,0,JUNE23-D15CAR-2_Saturday,LACMTA,saturday
28385,10617000061830-JUNE23,38,1959,617.0,617-13168,0,JUNE23-D07CAR-1_Weekday,LACMTA,weekday
28392,70242000020916-JUNE23,38,1033,243.0,242-13168,0,JUNE23-D08CAR-3_Sunday,LACMTA,sunday
28397,60617000062400-JUNE23,38,1959,617.0,617-13168,0,JUNE23-D07CAR-2_Saturday,LACMTA,saturday
28402,10242000021315-JUNE23,38,1033,243.0,242-13168,0,JUNE23-D08CAR-1_Weekday,LACMTA,weekday
28412,10665000360732-JUNE23,38,2585,665.0,665-13168,0,JUNE23-D09CAR-1_Weekday,LACMTA,weekday
28419,10134000030641-JUNE23,38,2969,134.0,134-13168,0,JUNE23-D07CAR-1_Weekday,LACMTA,weekday
28456,60665000360505-JUNE23,38,2585,665.0,665-13168,0,JUNE23-D09CAR-2_Saturday,LACMTA,saturday
28478,60134000031736-JUNE23,38,2969,134.0,134-13168,0,JUNE23-D07CAR-2_Saturday,LACMTA,saturday
28505,70134000030804-JUNE23,38,2969,134.0,134-13168,0,JUNE23-D07CAR-3_Sunday,LACMTA,sunday
28530,60242000021156-JUNE23,38,1033,243.0,242-13168,0,JUNE23-D08CAR-2_Saturday,LACMTA,saturday
28531,70617000060859-JUNE23,38,1959,617.0,617-13168,0,JUNE23-D07CAR-3_Sunday,LACMTA,sunday
28553,70665000361548-JUNE23,38,2585,665.0,665-13168,0,JUNE23-D09CAR-3_Sunday,LACMTA,sunday
28640,70268001460608-JUNE23,37,30020,268.0,268-13168,1,JUNE23-D09CAR-3_Sunday,LACMTA,sunday
28642,60268001461808-JUNE23,37,30020,268.0,268-13168,1,JUNE23-D09CAR-2_Saturday,LACMTA,saturday
28643,10268001460756-JUNE23,37,30020,268.0,268-13168,1,JUNE23-D09CAR-1_Weekday,LACMTA,weekday
28707,70268001481912-JUNE23,36,140940,268.0,268-13168,0,JUNE23-D09CAR-3_Sunday,LACMTA,sunday
28709,60030008151635-JUNE23,36,8620,30.0,30-13168,0,JUNE23-D07CAR-2_Saturday,LACMTA,saturday
28710,70030008160717-JUNE23,36,3000001,30.0,30-13168,1,JUNE23-D07CAR-3_Sunday,LACMTA,sunday
28753,60030008161341-JUNE23,36,3000001,30.0,30-13168,1,JUNE23-D13CAR-2_Saturday,LACMTA,saturday
28761,60134000011143-JUNE23,36,6605,134.0,134-13168,1,JUNE23-D07CAR-2_Saturday,LACMTA,saturday
28785,70030008172440-JUNE23,36,8620,30.0,30-13168,0,JUNE23-D13CAR-3_Sunday,LACMTA,sunday
29086,10030008150418-JUNE23,36,8620,30.0,30-13168,0,JUNE23-D13CAR-1_Weekday,LACMTA,weekday
29087,10761000741237-JUNE23,36,2953,761.0,761-13168,1,JUNE23-D15CAR-1_Weekday,LACMTA,weekday
29088,10761000731212-JUNE23,36,30015,761.0,761-13168,0,JUNE23-D15CAR-1_Weekday,LACMTA,weekday
29097,10030008161730-JUNE23,36,3000001,30.0,30-13168,1,JUNE23-D07CAR-1_Weekday,LACMTA,weekday
29117,60268001482012-JUNE23,36,140940,268.0,268-13168,0,JUNE23-D09CAR-2_Saturday,LACMTA,saturday
29141,70761000730857-JUNE23,36,30015,761.0,761-13168,0,JUNE23-D15CAR-3_Sunday,LACMTA,sunday
29193,10202000601458-JUNE23,36,30007,202.0,202-13168,0,JUNE23-D18CAR-1_Weekday,LACMTA,weekday
29270,10202000570902-JUNE23,36,9542,202.0,202-13168,1,JUNE23-D18CAR-1_Weekday,LACMTA,weekday
29400,70761000741635-JUNE23,36,2953,761.0,761-13168,1,JUNE23-D15CAR-3_Sunday,LACMTA,sunday
29504,60761000731254-JUNE23,36,30015,761.0,761-13168,0,JUNE23-D15CAR-2_Saturday,LACMTA,saturday
29513,60761000740839-JUNE23,36,2953,761.0,761-13168,1,JUNE23-D15CAR-2_Saturday,LACMTA,saturday
29543,10134000011342-JUNE23,36,6605,134.0,134-13168,1,JUNE23-D07CAR-1_Weekday,LACMTA,weekday
29582,70134000011610-JUNE23,36,6605,134.0,134-13168,1,JUNE23-D07CAR-3_Sunday,LACMTA,sunday
29592,10268001480508-JUNE23,36,140940,268.0,268-13168,0,JUNE23-D09CAR-1_Weekday,LACMTA,weekday
29704,70665000370639-JUNE23,35,5461,665.0,665-13168,1,JUNE23-D09CAR-3_Sunday,LACMTA,sunday
29705,10242000031033-JUNE23,35,3872,243.0,242-13168,1,JUNE23-D08CAR-1_Weekday,LACMTA,weekday
29710,60665000371047-JUNE23,35,5461,665.0,665-13168,1,JUNE23-D09CAR-2_Saturday,LACMTA,saturday
29731,70242000031434-JUNE23,35,3872,243.0,242-13168,1,JUNE23-D08CAR-3_Sunday,LACMTA,sunday
29732,60242000030629-JUNE23,35,3872,243.0,242-13168,1,JUNE23-D08CAR-2_Saturday,LACMTA,saturday
29774,10665000370820-JUNE23,35,5461,665.0,665-13168,1,JUNE23-D09CAR-1_Weekday,LACMTA,weekday
29841,70910002121045-JUNE23,34,30019,950.0,910-13168,0,JUNE23-D09CAR-3_Sunday,LACMTA,sunday
29867,10660000082348-JUNE23,34,3477,660.0,660-13168,0,JUNE23-D09CAR-1_Weekday,LACMTA,weekday
29938,70660000082448-JUNE23,34,3477,660.0,660-13168,0,JUNE23-D09CAR-3_Sunday,LACMTA,sunday
29964,70910002091909-JUNE23,34,141012,950.0,910-13168,1,JUNE23-D18CAR-3_Sunday,LACMTA,sunday
29982,60910002122013-JUNE23,34,30019,950.0,910-13168,0,JUNE23-D18CAR-2_Saturday,LACMTA,saturday
29985,10910002121450-JUNE23,34,30019,950.0,910-13168,0,JUNE23-D09CAR-1_Weekday,LACMTA,weekday
30003,10910002090400-JUNE23,34,141012,950.0,910-13168,1,JUNE23-D09CAR-1_Weekday,LACMTA,weekday
30013,60910002090907-JUNE23,34,141012,950.0,910-13168,1,JUNE23-D09CAR-2_Saturday,LACMTA,saturday
30070,60660000082448-JUNE23,34,3477,660.0,660-13168,0,JUNE23-D09CAR-2_Saturday,LACMTA,saturday
30249,10660000122314-JUNE23,33,2551,660.0,660-13168,1,JUNE23-D09CAR-1_Weekday,LACMTA,weekday
30279,70660000122315-JUNE23,33,2551,660.0,660-13168,1,JUNE23-D09CAR-3_Sunday,LACMTA,sunday
30286,60660000122315-JUNE23,33,2551,660.0,660-13168,1,JUNE23-D09CAR-2_Saturday,LACMTA,saturday
30335,70686000041335-JUNE23,31,4673,686.0,686-13168,1,JUNE23-D09CAR-3_Sunday,LACMTA,sunday
30428,10686000041607-JUNE23,31,4673,686.0,686-13168,1,JUNE23-D09CAR-1_Weekday,LACMTA,weekday
30463,60686000042140-JUNE23,31,4673,686.0,686-13168,1,JUNE23-D09CAR-2_Saturday,LACMTA,saturday
30522,70720012990806-JUNE23,30,5588,720.0,720-13168,0,JUNE23-D13CAR-3_Sunday,LACMTA,sunday
30602,60720012992210-JUNE23,30,5588,720.0,720-13168,0,JUNE23-D13CAR-2_Saturday,LACMTA,saturday
30603,10244000021112-JUNE23,30,9539,244.0,244-13168,1,JUNE23-D08CAR-1_Weekday,LACMTA,weekday
30604,10720012991616-JUNE23,30,5588,720.0,720-13168,0,JUNE23-D13CAR-1_Weekday,LACMTA,weekday
30702,60244000021442-JUNE23,30,9539,244.0,244-13168,1,JUNE23-D08CAR-2_Saturday,LACMTA,saturday
30799,70244000021942-JUNE23,30,9539,244.0,244-13168,1,JUNE23-D08CAR-3_Sunday,LACMTA,sunday
30883,70244000010926-JUNE23,29,152,244.0,244-13168,0,JUNE23-D08CAR-3_Sunday,LACMTA,sunday
30904,70720012962102-JUNE23,29,38,720.0,720-13168,1,JUNE23-D13CAR-3_Sunday,LACMTA,sunday
30906,70686000071504-JUNE23,29,12495,686.0,686-13168,0,JUNE23-D09CAR-3_Sunday,LACMTA,sunday
30991,58052416,29,80139,Metro E-Line,804,1,RJUN23-804-1_Weekday-90,LACMTA_Rail,weekday
30993,58498844,29,80401,Metro E-Line,804,0,RJUN23-804-1_Weekday-07,LACMTA_Rail,weekday
30994,10244000011456-JUNE23,29,152,244.0,244-13168,0,JUNE23-D08CAR-1_Weekday,LACMTA,weekday
31017,10720012961612-JUNE23,29,38,720.0,720-13168,1,JUNE23-D13CAR-1_Weekday,LACMTA,weekday
31027,60686000070859-JUNE23,29,12495,686.0,686-13168,0,JUNE23-D09CAR-2_Saturday,LACMTA,saturday
31122,60720012962102-JUNE23,29,38,720.0,720-13168,1,JUNE23-D13CAR-2_Saturday,LACMTA,saturday
31123,58330783,29,80139,Metro E-Line,804,1,RJUN23-804-3_Sunday-91,LACMTA_Rail,sunday
31155,10686000070925-JUNE23,29,12495,686.0,686-13168,0,JUNE23-D09CAR-1_Weekday,LACMTA,weekday
31176,58330771,29,80401,Metro E-Line,804,0,RJUN23-804-3_Sunday-91,LACMTA_Rail,sunday
31444,60244000010826-JUNE23,29,152,244.0,244-13168,0,JUNE23-D08CAR-2_Saturday,LACMTA,saturday
31508,58330455,29,80139,Metro E-Line,804,1,RJUN23-804-2_Saturday-91,LACMTA_Rail,saturday
31509,58330454,29,80401,Metro E-Line,804,0,RJUN23-804-2_Saturday-91,LACMTA_Rail,saturday
32004,70605000451024-JUNE23,28,1898,605.0,605-13168,0,JUNE23-D95-3_Sunday,LACMTA,sunday
32018,60605000451544-JUNE23,28,1898,605.0,605-13168,0,JUNE23-D95-2_Saturday,LACMTA,saturday
32043,10605000450652-JUNE23,28,1898,605.0,605-13168,0,JUNE23-D95-1_Weekday,LACMTA,weekday
32149,70218000321458-JUNE23,28,1428,218.0,218-13168,1,JUNE23-D98-3_Sunday,LACMTA,sunday
32231,70218000382130-JUNE23,26,32164,218.0,218-13168,0,JUNE23-D98-3_Sunday,LACMTA,sunday
32232,10218000381845-JUNE23,26,32164,218.0,218-13168,0,JUNE23-D98-1_Weekday,LACMTA,weekday
32233,10218000311846-JUNE23,26,1428,218.0,218-13168,1,JUNE23-D98-1_Weekday,LACMTA,weekday
32293,60218000312036-JUNE23,26,1428,218.0,218-13168,1,JUNE23-D98-2_Saturday,LACMTA,saturday
32294,60218000382130-JUNE23,26,32164,218.0,218-13168,0,JUNE23-D98-2_Saturday,LACMTA,saturday
32362,60287000771600-JUNE23,25,2763,287.0,287-13168,0,JUNE23-D09CAR-2_Saturday,LACMTA,saturday
32364,70287000821427-JUNE23,25,30020,287.0,287-13168,1,JUNE23-D09CAR-3_Sunday,LACMTA,sunday
32383,70287000772100-JUNE23,25,2763,287.0,287-13168,0,JUNE23-D09CAR-3_Sunday,LACMTA,sunday
32384,60287000821627-JUNE23,25,30020,287.0,287-13168,1,JUNE23-D09CAR-2_Saturday,LACMTA,saturday
32440,60754001001750-JUNE23,24,7248,754.0,754-13168,1,JUNE23-D05CAR-2_Saturday,LACMTA,saturday
32441,10605000460546-JUNE23,24,17150,605.0,605-13168,1,JUNE23-D95-1_Weekday,LACMTA,weekday
32503,70605000460603-JUNE23,24,17150,605.0,605-13168,1,JUNE23-D95-3_Sunday,LACMTA,sunday
32552,10754001001640-JUNE23,24,7248,754.0,754-13168,1,JUNE23-D05CAR-1_Weekday,LACMTA,weekday
32667,70754001001836-JUNE23,24,7248,754.0,754-13168,1,JUNE23-D05CAR-3_Sunday,LACMTA,sunday
32668,60605000461637-JUNE23,24,17150,605.0,605-13168,1,JUNE23-D95-2_Saturday,LACMTA,saturday
32789,10754001030624-JUNE23,23,12442,754.0,754-13168,0,JUNE23-D05CAR-1_Weekday,LACMTA,weekday
32851,70754001031326-JUNE23,23,12442,754.0,754-13168,0,JUNE23-D05CAR-3_Sunday,LACMTA,sunday
32916,60754001031910-JUNE23,23,12442,754.0,754-13168,0,JUNE23-D05CAR-2_Saturday,LACMTA,saturday
33909,10177000421545-JUNE23,19,5793,177.0,177-13168,1,JUNE23-D98-1_Weekday,LACMTA,weekday
33930,10177000411857-JUNE23,19,2707,177.0,177-13168,0,JUNE23-D98-1_Weekday,LACMTA,weekday
33980,60901000542540-JUNE23,17,15568,901.0,901-13168,1,JUNE23-D08CAR-2_Saturday,LACMTA,saturday
33993,60901000550337-JUNE23,17,15684,901.0,901-13168,0,JUNE23-D08CAR-2_Saturday,LACMTA,saturday
34139,70901000550917-JUNE23,17,15684,901.0,901-13168,0,JUNE23-D08CAR-3_Sunday,LACMTA,sunday
34141,10901000541850-JUNE23,17,15568,901.0,901-13168,1,JUNE23-D08CAR-1_Weekday,LACMTA,weekday
34186,10901000550410-JUNE23,17,15684,901.0,901-13168,0,JUNE23-D08CAR-1_Weekday,LACMTA,weekday
34320,70901000542340-JUNE23,17,15568,901.0,901-13168,1,JUNE23-D08CAR-3_Sunday,LACMTA,sunday
34494,10501000131559-JUNE23,15,501,501.0,501-13168,0,JUNE23-D98-1_Weekday,LACMTA,weekday
34496,10550001351904-JUNE23,15,30005,550.0,550-13168,1,JUNE23-D18CAR-1_Weekday,LACMTA,weekday
34497,70501000130920-JUNE23,15,501,501.0,501-13168,0,JUNE23-D98-3_Sunday,LACMTA,sunday
34516,70501000140959-JUNE23,15,30001,501.0,501-13168,1,JUNE23-D98-3_Sunday,LACMTA,sunday
34580,10501000142132-JUNE23,15,30001,501.0,501-13168,1,JUNE23-D98-1_Weekday,LACMTA,weekday
34582,60501000140802-JUNE23,15,30001,501.0,501-13168,1,JUNE23-D98-2_Saturday,LACMTA,saturday
34616,60501000130602-JUNE23,15,501,501.0,501-13168,0,JUNE23-D98-2_Saturday,LACMTA,saturday
34690,58185928,14,80201,Metro B-Line,802,1,RJUN23-802-3_Sunday-90,LACMTA_Rail,sunday
34691,58163668,14,80314,Metro C-Line,803,0,RJUN23-803-1_Weekday-90,LACMTA_Rail,weekday
34694,58163672,14,80301,Metro C-Line,803,1,RJUN23-803-1_Weekday-90,LACMTA_Rail,weekday
34706,58164090,14,80314,Metro C-Line,803,0,RJUN23-803-2_Saturday-90,LACMTA_Rail,saturday
34741,58185759,14,80214,Metro B-Line,802,0,RJUN23-802-3_Sunday-90,LACMTA_Rail,sunday
34837,58164218,14,80301,Metro C-Line,803,1,RJUN23-803-3_Sunday-90,LACMTA_Rail,sunday
34864,58164257,14,80314,Metro C-Line,803,0,RJUN23-803-3_Sunday-90,LACMTA_Rail,sunday
35039,58185280,14,80201,Metro B-Line,802,1,RJUN23-802-2_Saturday-90,LACMTA_Rail,saturday
35041,58184952,14,80214,Metro B-Line,802,0,RJUN23-802-1_Weekday-90,LACMTA_Rail,weekday
35047,58164023,14,80301,Metro C-Line,803,1,RJUN23-803-2_Saturday-90,LACMTA_Rail,saturday
35077,58184933,14,80201,Metro B-Line,802,1,RJUN23-802-1_Weekday-90,LACMTA_Rail,weekday
35137,58185099,14,80214,Metro B-Line,802,0,RJUN23-802-2_Saturday-90,LACMTA_Rail,saturday
35662,60601000032334-JUNE23,14,15457,601.0,601-13168,0,JUNE23-D08CAR-2_Saturday,LACMTA,saturday
35943,10550001341726-JUNE23,14,2457,550.0,550-13168,0,JUNE23-D18CAR-1_Weekday,LACMTA,weekday
35962,10601000032135-JUNE23,14,15457,601.0,601-13168,0,JUNE23-D08CAR-1_Weekday,LACMTA,weekday
36178,70601000032354-JUNE23,14,15457,601.0,601-13168,0,JUNE23-D08CAR-3_Sunday,LACMTA,sunday
36566,70601000020600-JUNE23,11,974,601.0,601-13168,1,JUNE23-D08CAR-3_Sunday,LACMTA,sunday
36568,10601000021238-JUNE23,11,974,601.0,601-13168,1,JUNE23-D08CAR-1_Weekday,LACMTA,weekday
36653,60601000020640-JUNE23,11,974,601.0,601-13168,1,JUNE23-D08CAR-2_Saturday,LACMTA,saturday
36903,58340197,8,80214,Metro D-Line,805,0,RJUN23-802-1_Weekday-16,LACMTA_Rail,weekday
36904,58427254,8,80214,Metro D-Line,805,0,RJUN23-802-2_Saturday-12,LACMTA_Rail,saturday
36906,58340083,8,80216,Metro D-Line,805,1,RJUN23-802-1_Weekday-16,LACMTA_Rail,weekday
36998,10577000420645-JUNE23,8,20500001,577.0,577-13168,1,JUNE23-D95-1_Weekday,LACMTA,weekday
36999,58185990,8,80214,Metro D-Line,805,0,RJUN23-802-3_Sunday-90,LACMTA_Rail,sunday
37028,58185952,8,80216,Metro D-Line,805,1,RJUN23-802-3_Sunday-90,LACMTA_Rail,sunday
37118,58427207,8,80216,Metro D-Line,805,1,RJUN23-802-2_Saturday-12,LACMTA_Rail,saturday
37652,58162621,7,80709,Metro K-Line,807,0,RJUN23-807-1_Weekday-90,LACMTA_Rail,weekday
37655,58162618,7,80703,Metro K-Line,807,1,RJUN23-807-1_Weekday-90,LACMTA_Rail,weekday
37998,58163370,7,80703,Metro K-Line,807,1,RJUN23-807-3_Sunday-90,LACMTA_Rail,sunday
37999,58163368,7,80709,Metro K-Line,807,0,RJUN23-807-3_Sunday-90,LACMTA_Rail,sunday
38053,58163160,7,80703,Metro K-Line,807,1,RJUN23-807-2_Saturday-90,LACMTA_Rail,saturday
38061,58163152,7,80709,Metro K-Line,807,0,RJUN23-807-2_Saturday-90,LACMTA_Rail,saturday
38420,DSE-HG-1650-HG-002,6,30005,,DSE-HG,1,DSE-HG-1650,LACMTA,
38423,DSE-HG-1650-DS-005,6,63500003,,DSE-HG,0,DSE-HG-1650,LACMTA,
38622,10577000401439-JUNE23,6,30020,577.0,577-13168,0,JUNE23-D95-1_Weekday,LACMTA,weekday
38730,DSE-US-1810-DS-011,4,63500004,,DSE-US,0,DSE-US-1810,LACMTA,
38831,DSE-US-1615-US-001CF,3,2155,,DSE-US,1,DSE-US-1615,LACMTA,
38939,70857000021047-JUNE23,2,5581,857.0,857-13168,0,JUNE23-D05CAR-3_Sunday,LACMTA,sunday
38940,10857000011255-JUNE23,2,30011,857.0,857-13168,1,JUNE23-D05CAR-1_Weekday,LACMTA,weekday
38945,70857000012450-JUNE23,2,30011,857.0,857-13168,1,JUNE23-D05CAR-3_Sunday,LACMTA,sunday
39153,10857000022055-JUNE23,2,5581,857.0,857-13168,0,JUNE23-D05CAR-1_Weekday,LACMTA,weekday
39164,60857000020619-JUNE23,2,5581,857.0,857-13168,0,JUNE23-D05CAR-2_Saturday,LACMTA,saturday
39186,60857000012110-JUNE23,2,30011,857.0,857-13168,1,JUNE23-D05CAR-2_Saturday,LACMTA,saturday
